{
    "日常": {
      "朋友圈": {
        "提示组成":"主要内容",
        "提示词":"请你结合以下内容，撰写朋友圈文案，你输出的回答只有文案正文："
      },
      "小红书": {
        "提示组成":"主要内容",
        "提示词":"请你结合以下内容，撰写小红书文案，你输出的回答只有文案正文："
      }
    },
    "工作": {
      "演讲稿": {
        "提示组成":"身份-对象-主要内容",
        "提示词":"请你结合以下内容，撰写演讲稿，你必须先学习演讲稿的写作格式和语言风格："
      },
      "日报": {
        "提示组成":"主要内容",
        "提示词":"请你结合以下内容，撰写工作日报，分点叙述，总字数不超过200字，你输出的回答只有日报正文："
      },
      "周报": {
        "提示组成":"主要内容",
        "提示词":"请你结合以下内容，撰写工作周报，分点叙述，总字数不超过200字，你输出的回答只有日报周报："
      },
      "通知": {
        "提示组成":"身份-对象-主要内容",
        "提示词":"请你结合以下内容，撰写通知，你必须先学习通知的写作格式和语言风格："
      },
      "建议书": {
        "提示组成":"身份-对象-主要内容",
        "提示词":"请你结合以下内容，撰写建议书，你必须先学习建议书的写作格式和语言风格："
      }
    },
    "专业": {
      "技术博客": {
        "提示组成":"主要内容",
        "提示词":"请你扮演一个技术大牛，根据以下内容撰写一篇技术博客："
      },
      "科普介绍": {
        "提示组成":"主要内容",
        "提示词":"请你扮演一个博物学家，根据以下内容撰写一篇科普介绍："
      }
    },
    "文学": {
      "小说": {
        "提示组成":"主要内容",
        "提示词":"请你扮演一个小说家，根据下面的提示，写一篇小说："
      },
      "散文": {
        "提示组成":"主要内容",
        "提示词":"请你扮演一个散文家，根据下面的提示，写一篇散文："
      },
      "现代诗": {
        "提示组成":"主要内容",
        "提示词":"请你扮演一个现代诗人，根据下面的提示，写一篇现代诗："
      }
    }
  }
  